{
  "timestamp": "2025-08-29T13:27:04.752Z",
  "before": {
    "totalFiles": 100,
    "totalSize": 7058565,
    "imageFiles": 24,
    "imageSize": 4963928,
    "cssFiles": 7,
    "cssSize": 163261,
    "jsFiles": 21,
    "jsSize": 428974
  },
  "optimizations": [
    "✅ Image lazy loading implemented",
    "✅ Image decoding optimization added",
    "✅ Resource preconnections added",
    "✅ FontAwesome loading optimized",
    "✅ Performance hints added",
    "✅ DNS prefetch implemented"
  ],
  "recommendations": [
    "🔧 Run image optimization with Sharp",
    "🔧 Implement CSS/JS minification",
    "🔧 Add service worker for caching",
    "🔧 Implement database query optimization",
    "🔧 Add CDN for static assets",
    "🔧 Implement mobile-specific optimizations"
  ],
  "expectedImprovements": {
    "Page Load Time": "50-70% faster",
    "Total Page Size": "40-60% smaller",
    "Time to Interactive": "60-80% faster",
    "Mobile Performance": "Significantly improved"
  }
}